terrain,url
Badlands 1,https://steamusercontent-a.akamaihd.net/ugc/1043093746446003085/E258C52017E6CFA3D2BD5053FDE292706E6C1399/
Badlands 2,https://steamusercontent-a.akamaihd.net/ugc/1043093746445968121/F8160E0B97B075F107621F16DE3115580F38A19E/
Lava 1,https://steamusercontent-a.akamaihd.net/ugc/1043093746445973071/4B9CE8AAD20D3681936B0C37855331D463FF6B92/
Lava 2,https://steamusercontent-a.akamaihd.net/ugc/1043093746445951990/C688D63C1A67D1E06C6B3AB790DA6821BFA98517/
Snow 1,https://steamusercontent-a.akamaihd.net/ugc/1043093746445957111/55A94AA5D99709209A8D16A43FD27AC09B4AD68B/
Snow 2,https://steamusercontent-a.akamaihd.net/ugc/1043093746445926144/1D63AAC188B5CAEAF514B041B3B4850A4F591715/
Snow 3,https://steamusercontent-a.akamaihd.net/ugc/1043093746445962871/88014E0B982FE3F32ECAD5D7E98B703D25BC6341/
Snow 4,https://steamusercontent-a.akamaihd.net/ugc/1043093746445996709/03CA12FF258E8E7AB6F5037F060142CA6F4B67B9/
Desert 1,https://steamusercontent-a.akamaihd.net/ugc/1043093746445993785/76099AB45F8127F2172E1B9BEBDE4AF712C3B160/
Desert 2,https://steamusercontent-a.akamaihd.net/ugc/1043093746445940009/8986860615D6EA3BDC766C3E70C9BB3CE0E4C90F/
Desert 3,https://steamusercontent-a.akamaihd.net/ugc/1043093746445950892/66E74AD325C33BAE5ADFC3209A7C033ECF6024C3/
Desert 4,https://steamusercontent-a.akamaihd.net/ugc/1043093746446001043/FD8732C59F057971B64B19988EF3DAAFBAA8362E/
Desert 5,https://steamusercontent-a.akamaihd.net/ugc/1043093746445994782/529EA647E3EF162F6070AD29A21E06360087F00D/
Desert 6,https://steamusercontent-a.akamaihd.net/ugc/15717006480269992155/1D5D9D3EABC863CCAFC6A064E7815EEAE2D031CD/
Grass 1,https://steamusercontent-a.akamaihd.net/ugc/1043093746445958677/29E9FCD5998DBB1480386958C5310EE2D7E99735/
Grass 2,https://steamusercontent-a.akamaihd.net/ugc/1043093746445986729/1FE89BF5A768B4115BBECE46B02DBBB3A3216835/
Grass 3,https://steamusercontent-a.akamaihd.net/ugc/1043093746445960863/134D15495D71E42F3CD0197D3B5D4F8DB88A9E87/
Grass 4,https://steamusercontent-a.akamaihd.net/ugc/1043093746445991519/6329B7A9D8B768F1DFF1A86BF3F59BD9CD9A799B/
Swamp 1,https://steamusercontent-a.akamaihd.net/ugc/11172686107304348932/E8206C52E92A1B36AB7F1E21324EDE5A060D49EB/
Swamp 2,https://steamusercontent-a.akamaihd.net/ugc/12998532639957617969/505FDF8F18C2B68A9287733F17F1652E6856B52F/
