Badlands 1,https://steamusercontent-a.akamaihd.net/ugc/1043093746446003085/E258C52017E6CFA3D2BD5053FDE292706E6C1399/
Badlands 2,https://steamusercontent-a.akamaihd.net/ugc/1043093746445968121/F8160E0B97B075F107621F16DE3115580F38A19E/
Lava 2,https://steamusercontent-a.akamaihd.net/ugc/1043093746445951990/C688D63C1A67D1E06C6B3AB790DA6821BFA98517/ 
Snow 2,https://steamusercontent-a.akamaihd.net/ugc/1043093746445926144/1D63AAC188B5CAEAF514B041B3B4850A4F591715/
Snow 3,https://steamusercontent-a.akamaihd.net/ugc/1043093746445962871/88014E0B982FE3F32ECAD5D7E98B703D25BC6341/
Desert 1,https://steamusercontent-a.akamaihd.net/ugc/1043093746445993785/76099AB45F8127F2172E1B9BEBDE4AF712C3B160/
Desert 4,https://steamusercontent-a.akamaihd.net/ugc/1043093746446001043/FD8732C59F057971B64B19988EF3DAAFBAA8362E/
Desert 5,https://steamusercontent-a.akamaihd.net/ugc/1043093746445994782/529EA647E3EF162F6070AD29A21E06360087F00D/ 
Swamp 1,https://steamusercontent-a.akamaihd.net/ugc/11172686107304348932/E8206C52E92A1B36AB7F1E21324EDE5A060D49EB/
Moon 1,https://steamusercontent-a.akamaihd.net/ugc/1043093746445979672/56124908188BA5736A8D7C33C43BAF5E6035B9DF/ 
Moon 2,https://steamusercontent-a.akamaihd.net/ugc/1043093746445935246/14E522400874F5749E765D7CC148F6DD5D2769F1/ 
Mars 2,https://steamusercontent-a.akamaihd.net/ugc/1043093746445975346/C84BE52FAEF185977514F199B9F113DD2A2FAAF1/ 
Mars 4,https://steamusercontent-a.akamaihd.net/ugc/1043093746445932228/E99449B8FF6C40FDB21B63D2E314486D6DD3E45A/
City 3,https://steamusercontent-a.akamaihd.net/ugc/1043093746446002091/8D5C1A992B3430C31C8A7CE0C0BC52D676B3FBA4/
City 4,https://steamusercontent-a.akamaihd.net/ugc/1043093746445977393/B6352D4A17B7CDFEF839F6D922A9EA0D164FE2E0/ 
City 5,https://steamusercontent-a.akamaihd.net/ugc/1043093746446003935/7D5DE85C43BB1A9BAA5822D0D7F3910DF9400799/
Desert City 2,https://steamusercontent-a.akamaihd.net/ugc/1043093746445953054/0A18AB4BF3A859BAFD83F16637ACD25BB10B5CCD/
Forest City 1,https://steamusercontent-a.akamaihd.net/ugc/1043093746445974108/59E23F0B6EB7538258A741955B86471F33783E30/
